[{"country":"AF","name":"Afghanistan"},{"country":"AL","code":"AL","name":"Albania","destinations":[{"code":"BTR","name":"Berat District"},{"code":"DRR","name":"Durres District"},{"code":"FIE","name":"FIER DISTRICT"},{"code":"LEZ","name":"Lezhe District"},{"code":"PGR","name":"Progradec District"},{"code":"SDE","name":"Sarande District"},{"code":"SHK","name":"Shkoder District"},{"code":"TIA","name":"Tirana District"},{"code":"VOE","name":"Vlore District"}]},{"country":"DZ","name":"Algeria"},{"country":"AS","name":"American Samoa"},{"country":"AD","code":"AD","name":"Andorra","destinations":[{"code":"AND","name":"Andorra"}]},{"country":"AO","code":"AO","name":"Angola","destinations":[{"code":"LAD","name":"Luanda"}]},{"country":"AI","code":"AI","name":"Anguilla","destinations":[{"code":"AXA","name":"Anguilla"}]},{"country":"AQ","name":"Antarctica"},{"country":"AG","code":"AG","name":"Antigua & Barbuda","destinations":[{"code":"ANU","name":"Antigua"}]},{"country":"AR","code":"AR","name":"Argentina","destinations":[{"code":"BCH","name":"Bariloche"},{"code":"BUE","name":"Buenos Aires"},{"code":"CFE","name":"Calafate"},{"code":"CRD","name":"Cordoba"},{"code":"FMA","name":"Formosa"},{"code":"IGU","name":"Iguazu"},{"code":"JUJ","name":"Jujuy"},{"code":"MDQ","name":"Mar del plata"},{"code":"MEZ","name":"Mendoza"},{"code":"PMY","name":"Puerto Madryn"},{"code":"RO6","name":"Rosario"},{"code":"SLT","name":"Salta"},{"code":"CPC","name":"San Martin de los Andes"},{"code":"USH","name":"Ushuaia"},{"code":"NQN","name":"Villa la Angostura"}]},{"country":"AM","code":"AM","name":"Armenia","destinations":[{"code":"EVN","name":"Yerevan"}]},{"country":"AW","code":"AW","name":"Aruba","destinations":[{"code":"AUA","name":"Aruba"}]},{"country":"AU","code":"AU","name":"Australia","destinations":[{"code":"ADL","name":"Adelaide - SA"},{"code":"ASP","name":"Alice Springs"},{"code":"BNE","name":"Brisbane - QLD"},{"code":"BME","name":"Broome-Kimberley, North - WA"},{"code":"AU1","name":"Byron Bay & North Coast - NSW"},{"code":"CNS","name":"Cairns - QLD"},{"code":"CBR","name":"Canberra - ACT"},{"code":"HC5","name":"Country New South Wales - NSW"},{"code":"DRW","name":"Darwin & Surrounds - NT"},{"code":"OOL","name":"Gold Coast - QLD"},{"code":"AU9","name":"Great Barrier Reef-Whitsundays - QLD"},{"code":"HV1","name":"Hunter Valley - NSW"},{"code":"MLB","name":"Melbourne - VIC"},{"code":"NTL","name":"Newcastle - NSW"},{"code":"NLK","name":"Norfolk Island - NSW"},{"code":"OQ1","name":"Outback Queensland - QLD"},{"code":"PER","name":"Perth - WA"},{"code":"MCY","name":"Sunshine Coast - QLD"},{"code":"SYD","name":"Sydney - NSW"},{"code":"HBA","name":"Tasmania - TAS"},{"code":"TV5","name":"Townsville - QLD"},{"code":"AYQ","name":"Uluru-Ayers Rock - NT"},{"code":"AW2","name":"West Coast - WA"}]},{"country":"AT","code":"AT","name":"Austria","destinations":[{"code":"AAZ","name":"Austrian Alps"},{"code":"GRZ","name":"Graz"},{"code":"INN","name":"Innsbruck"},{"code":"LNZ","name":"Linz"},{"code":"SZG","name":"Salzburg"},{"code":"BAD","name":"Salzkammergut"},{"code":"VIE","name":"Vienna"}]},{"country":"AZ","code":"AZ","name":"Azerbaijan","destinations":[{"code":"GYD","name":"Baku"}]},{"country":"BS","code":"BS","name":"Bahamas","destinations":[{"code":"ASD","name":"Bahamas - Out Island"},{"code":"FPO","name":"Grand Bahama"},{"code":"PID","name":"Nassau"}]},{"country":"BH","code":"BH","name":"Bahrain","destinations":[{"code":"BH1","name":"Bahrain"}]},{"country":"BD","name":"Bangladesh"},{"country":"BB","code":"BB","name":"Barbados","destinations":[{"code":"BGI","name":"Barbados"}]},{"country":"BY","name":"Belarus"},{"country":"BE","code":"BE","name":"Belgium","destinations":[{"code":"ANR","name":"Antwerp"},{"code":"BRS","name":"Bruges"},{"code":"BRU","name":"Brussels"},{"code":"GNE","name":"Gent"}]},{"country":"BZ","code":"BZ","name":"Belize","destinations":[{"code":"SPR","name":"Ambergris Caye"},{"code":"BZE","name":"Belize City"},{"code":"HP2","name":"Hopkins"},{"code":"SQS","name":"San Ignacio"}]},{"country":"BJ","name":"Benin"},{"country":"BM","name":"Bermuda"},{"country":"BT","code":"BT","name":"Bhutan","destinations":[{"code":"TIH","name":"Thimphu"}]},{"country":"BO","code":"BO","name":"Bolivia","destinations":[{"code":"CBB","name":"Cochabamba"},{"code":"LPB","name":"La Paz"},{"code":"POI","name":"Potosi"},{"code":"VVI","name":"Santa Cruz"},{"code":"US7","name":"Sucre"},{"code":"TJA","name":"Tarija"}]},{"country":"BA","code":"BA","name":"Bosnia & Herzegovina","destinations":[{"code":"BNX","name":"Medjugorje"},{"code":"OMO","name":"Mostar"},{"code":"SJJ","name":"Sarajevo"}]},{"country":"BW","code":"BW","name":"Botswana","destinations":[{"code":"GBE","name":"Gaborone"}]},{"country":"BV","name":"Bouvet Island"},{"country":"BR","code":"BR","name":"Brazil","destinations":[{"code":"ARC","name":"Aracaju"},{"code":"BLN","name":"Balneario de Camboriu"},{"code":"BRB","name":"Barreirinhas"},{"code":"BHZ","name":"Belo Horizonte"},{"code":"BT0","name":"Bonito"},{"code":"BSB","name":"Brasilia"},{"code":"BZI","name":"Buzios"},{"code":"CLN","name":"Caldas Novas"},{"code":"CUR","name":"Curitiba"},{"code":"FEN","name":"Fernando De Noronha"},{"code":"FLO","name":"Florianopolis"},{"code":"FTZ","name":"Fortaleza"},{"code":"GRM","name":"Gramado"},{"code":"FDI","name":"Iguazu Falls"},{"code":"JRR","name":"Jericoacoara"},{"code":"JOA","name":"Joao Pessoa"},{"code":"JOI","name":"Joinville"},{"code":"MAO","name":"Maceio"},{"code":"MNA","name":"Manaus"},{"code":"NAT","name":"Natal"},{"code":"PY1","name":"Paraty"},{"code":"POO","name":"Porto Alegre"},{"code":"PDG","name":"Porto de Galinhas"},{"code":"PSE","name":"Porto Seguro"},{"code":"RCF","name":"Recife"},{"code":"RIO","name":"Rio de Janeiro"},{"code":"SVD","name":"Salvador da Bahia - Costa Do Sauipe"},{"code":"LUI","name":"Sao Luis"},{"code":"SAO","name":"Sao Paulo"}]},{"country":"IO","name":"British Indian Ocean Territory"},{"country":"VG","code":"VG","name":"British Virgin Islands","destinations":[{"code":"TOV","name":"British Virgin Islands"}]},{"country":"BN","code":"BN","name":"Brunei","destinations":[{"code":"BWN","name":"Brunei"}]},{"country":"BG","code":"BG","name":"Bulgaria","destinations":[{"code":"PBB","name":"Bansko"},{"code":"BK2","name":"Borovets"},{"code":"BOJ","name":"Bourgas / Black Sea Resorts"},{"code":"BK1","name":"Pamporovo"},{"code":"SOF","name":"Sofia"},{"code":"VAR","name":"Varna / Black Sea Resorts"},{"code":"VEL","name":"Veliko Turnovo"}]},{"country":"BF","name":"Burkina Faso"},{"country":"BI","name":"Burundi"},{"country":"KH","code":"KH","name":"Cambodia","destinations":[{"code":"PNH","name":"Phnom Penh- Central"},{"code":"REP","name":"Siem Reap - North"}]},{"country":"CM","name":"Cameroon"},{"country":"CA","code":"CA","name":"Canada","destinations":[{"code":"CG","name":"Calgary-AB"},{"code":"BF","name":"Canadian Rockies-AB"},{"code":"AB","name":"Edmonton-AB"},{"code":"NOV","name":"Halifax-NS"},{"code":"YGK","name":"Kingston-ON"},{"code":"YQM","name":"Moncton-NB"},{"code":"QC","name":"Montreal-QC"},{"code":"NI","name":"Niagara Falls-ON"},{"code":"YYF","name":"Okanagan Valley-BC"},{"code":"OT","name":"Ottawa-ON"},{"code":"YHG","name":"Prince Edward Island-PE"},{"code":"QU","name":"Quebec-QC"},{"code":"SJ","name":"Saint John - NB"},{"code":"ON","name":"Toronto-ON"},{"code":"BC","name":"Vancouver Island-BC"},{"code":"VA","name":"Vancouver-BC"},{"code":"WHS","name":"Whistler-BC"},{"code":"MB","name":"Winnipeg-MB"}]},{"country":"CV","code":"CV","name":"Cape Verde","destinations":[{"code":"SI1","name":"Cape Verde"}]},{"country":"BK","code":"BK","name":"Caribbean Netherlands","destinations":[{"code":"BON","name":"Bonaire"}]},{"country":"KY","code":"KY","name":"Cayman Islands","destinations":[{"code":"GCM","name":"Grand Cayman"}]},{"country":"CF","name":"Central African Republic"},{"country":"TD","name":"Chad"},{"country":"CL","code":"CL","name":"Chile","destinations":[{"code":"ARI","name":"Arica"},{"code":"HLE","name":"Chiloe"},{"code":"IQQ","name":"Iquique"},{"code":"IP1","name":"Isla de Pascua"},{"code":"LSC","name":"La Serena"},{"code":"ZPC","name":"Pucon"},{"code":"PMC","name":"Puerto Montt"},{"code":"PNT","name":"Puerto Natales"},{"code":"PUX","name":"Puerto Varas"},{"code":"PUQ","name":"Punta Arenas"},{"code":"AT4","name":"San Pedro de Atacama"},{"code":"UZ1","name":"Santa Cruz"},{"code":"SCL","name":"Santiago de Chile"},{"code":"ZCO","name":"Temuco"},{"code":"VAP","name":"Valparaiso"},{"code":"VI1","name":"Villarica"},{"code":"KNA","name":"Viña del mar"}]},{"country":"CN","code":"CN","name":"China","destinations":[{"code":"PEK","name":"Beijing"},{"code":"CTU","name":"Chengdu - Sichuan"},{"code":"CKG","name":"Chongqing"},{"code":"DLU","name":"Dali - Yunnan"},{"code":"DLC","name":"Dalian - Liaoning"},{"code":"DAT","name":"Datong - Shanxi"},{"code":"CN1","name":"Guangzhou - Guangdong"},{"code":"KWL","name":"Guilin - Guangxi"},{"code":"KWE","name":"Guiyang - Guizhou"},{"code":"HGH","name":"Hangzhou - Zhejiang"},{"code":"HUG","name":"Huangshan - Anhui"},{"code":"KMH","name":"Kunming - Yunnan"},{"code":"LZD","name":"Lanzhou - Gansu"},{"code":"LXA","name":"Lhasa - Tibet"},{"code":"LJG","name":"Lijiang - Yunnan"},{"code":"KHN","name":"Nanchang - Jiangxi"},{"code":"NKG","name":"Nanjing - Jiangsu"},{"code":"CN6","name":"Qingdao - Shandong"},{"code":"SYX","name":"Sanya - Hainan"},{"code":"PVG","name":"Shanghai"},{"code":"SZX","name":"Shenzhen - Guangdong"},{"code":"UZS","name":"Suzhou - Anhui"},{"code":"TYN","name":"Taiyuan - Shanxi"},{"code":"TSN","name":"Tianjin"},{"code":"URC","name":"Urumqi - Xinjiang"},{"code":"WUH","name":"Wuhan - Hubei"},{"code":"XIY","name":"Xi'an - Shaanxi"},{"code":"XMN","name":"Xiamen - Fujian"},{"code":"DYG","name":"Zhangjiajie - Hu'nan"},{"code":"CGO","name":"Zhengzhou - He'nan"},{"code":"ZUH","name":"Zhuhai - Guangdong"},{"code":"ZHU","name":"Zhuzhou - Hu'nan"}]},{"country":"CX","name":"Christmas Island"},{"country":"CC","name":"Cocos (Keeling) Islands"},{"country":"CO","code":"CO","name":"Colombia","destinations":[{"code":"AXM","name":"Armenia"},{"code":"BAQ","name":"Barranquilla"},{"code":"BOG","name":"Bogota"},{"code":"CLO","name":"Cali"},{"code":"CTG","name":"Cartagena"},{"code":"MDE","name":"Medellin"},{"code":"PEI","name":"Pereira"},{"code":"ADZ","name":"San Andres"},{"code":"SMC","name":"Santa Marta"}]},{"country":"KM","name":"Comoros"},{"country":"CD","name":"Congo (DRC)"},{"country":"CG","name":"Congo - Brazzaville"},{"country":"CK","code":"CK","name":"Cook Islands","destinations":[{"code":"RAR","name":"Rarotonga"}]},{"country":"CR","code":"CR","name":"Costa Rica","destinations":[{"code":"MNT","name":"Monteverde"},{"code":"ARE","name":"Northern Mountain Zone / Arenal"},{"code":"JCO","name":"Pacific Central Coast"},{"code":"GAN","name":"Pacific North Coast / Guanacaste"},{"code":"TMU","name":"Pacific South Coast"},{"code":"SJO","name":"San José / Central Valley"}]},{"country":"HR","code":"HR","name":"Croatia","destinations":[{"code":"DBV","name":"Dubrovnik-South Dalmatia"},{"code":"PUY","name":"Istria"},{"code":"RJK","name":"Kvarner Bay"},{"code":"SPU","name":"Split-Middle Dalmatia"},{"code":"ZAD","name":"Zadar-North Dalmatia"},{"code":"ZAG","name":"Zagreb"}]},{"country":"CU","code":"CU","name":"Cuba","destinations":[{"code":"HAV","name":"Havana"},{"code":"STG","name":"Santiago of Cuba"},{"code":"VRA","name":"Varadero"}]},{"country":"C0","code":"C0","name":"Curaçao","destinations":[{"code":"CUA","name":"Curacao"}]},{"country":"CY","code":"CY","name":"Cyprus","destinations":[{"code":"PA","name":"Cyprus"}]},{"country":"CZ","code":"CZ","name":"Czech Republic","destinations":[{"code":"BNO","name":"Brno"},{"code":"PRG","name":"Prague"}]},{"country":"DK","code":"DK","name":"Denmark","destinations":[{"code":"AAL","name":"Aalborg"},{"code":"AAR","name":"Aarhus"},{"code":"CPH","name":"Copenhagen"},{"code":"ODE","name":"Odense"}]},{"country":"DJ","name":"Djibouti"},{"country":"DM","name":"Dominica"},{"country":"DO","code":"DO","name":"Dominican Republic","destinations":[{"code":"BAY","name":"Bayahibe"},{"code":"BOC","name":"Boca Chica"},{"code":"JDO","name":"Juan Dolio"},{"code":"ROM","name":"La Romana"},{"code":"POP","name":"Puerto Plata"},{"code":"PUJ","name":"Punta Cana"},{"code":"SAM","name":"Samana"},{"code":"DOM","name":"Santo Domingo"}]},{"country":"TP","name":"East Timor"},{"country":"EC","code":"EC","name":"Ecuador","destinations":[{"code":"CCN","name":"Cuenca"},{"code":"GYE","name":"Guayaquil"},{"code":"IBS","name":"Isabella Island"},{"code":"GPS","name":"Islas Galapagos"},{"code":"UIO","name":"Quito"},{"code":"CSN","name":"San Cristobal Island"},{"code":"SCT","name":"Santa Cruz Island"}]},{"country":"EG","code":"EG","name":"Egypt","destinations":[{"code":"ABS","name":"Abu Simbel"},{"code":"ALY","name":"Alexandrie-Mediterranean Coast"},{"code":"ASW","name":"Aswan"},{"code":"CAI","name":"Cairo"},{"code":"HRG","name":"Hurghada"},{"code":"LXR","name":"Luxor"},{"code":"RMF","name":"Marsa Alam- Qusseir"},{"code":"MHU","name":"Marsa Matruh"},{"code":"SSH","name":"Sharm el Sheikh -Dahab"}]},{"country":"SV","code":"SV","name":"El Salvador","destinations":[{"code":"ACP","name":"Ahuachapan"},{"code":"SA6","name":"San Salvador"}]},{"country":"GQ","name":"Equatorial Guinea"},{"country":"ER","name":"Eritrea"},{"country":"EE","code":"EE","name":"Estonia","destinations":[{"code":"TLL","name":"Tallinn"}]},{"country":"ET","code":"ET","name":"Ethiopia","destinations":[{"code":"ADD","name":"Addis Ababa"}]},{"country":"FK","name":"Falkland Islands"},{"country":"FO","name":"Faroe Islands"},{"country":"FJ","code":"FJ","name":"Fiji","destinations":[{"code":"FJ1","name":"Viti Levu"}]},{"country":"FI","code":"FI","name":"Finland","destinations":[{"code":"HEL","name":"Helsinki"},{"code":"KTT","name":"Kittila - Levi"},{"code":"KAO","name":"Kuusamo"},{"code":"RVN","name":"Lapland - RVN"},{"code":"XGQ","name":"Saariselka "},{"code":"YYL","name":"Ylläs"}]},{"country":"FR","code":"FR","name":"France","destinations":[{"code":"AIX","name":"Aix-en-Provence"},{"code":"NCY","name":"Annecy"},{"code":"AVN","name":"Avignon"},{"code":"BOD","name":"Bordeaux"},{"code":"CAE","name":"Caen"},{"code":"CAN","name":"Cannes"},{"code":"CCF","name":"Carcassonne"},{"code":"DIJ","name":"Dijon"},{"code":"CHX","name":"French Alps"},{"code":"FR2","name":"French Pyrenees"},{"code":"LR1","name":"Loire"},{"code":"LYS","name":"Lyon"},{"code":"MRS","name":"Marseille"},{"code":"MPL","name":"Montpellier"},{"code":"NAN","name":"Nantes"},{"code":"NCE","name":"Nice"},{"code":"FNI","name":"Nimes"},{"code":"PAR","name":"Paris"},{"code":"PDN","name":"Pays de la Loire-Vendee"},{"code":"POT","name":"Poitiers"},{"code":"RHE","name":"Reims"},{"code":"SXB","name":"Strasbourg"},{"code":"TLS","name":"Toulouse"},{"code":"TUF","name":"Tours"}]},{"country":"GF","name":"French Guiana"},{"country":"PF","code":"PF","name":"French Polynesia","destinations":[{"code":"BOB","name":"Bora Bora"},{"code":"MOZ","name":"Moorea"},{"code":"PPT","name":"Tahiti"}]},{"country":"TF","name":"French Southern Territories"},{"country":"GA","name":"Gabon"},{"country":"GM","code":"GM","name":"Gambia","destinations":[{"code":"BJL","name":"Gambia"}]},{"country":"GE","code":"GE","name":"Georgia","destinations":[{"code":"TBS","name":"Tbilisi"}]},{"country":"DE","code":"DE","name":"Germany","destinations":[{"code":"AGB","name":"Augsburg"},{"code":"ZCC","name":"Baden-Baden"},{"code":"BEC","name":"Berchtesgaden"},{"code":"BER","name":"Berlin"},{"code":"BRE","name":"Bremen"},{"code":"CGN","name":"Cologne / Bonn"},{"code":"DSS","name":"Dessau"},{"code":"DRS","name":"Dresden"},{"code":"DUS","name":"Dusseldorf"},{"code":"ESE","name":"Essen"},{"code":"FLF","name":"Flensburg"},{"code":"FRA","name":"Frankfurt"},{"code":"QFB","name":"Freiburg"},{"code":"FUS","name":"Füssen"},{"code":"ZGW","name":"Greifswald"},{"code":"HAM","name":"Hamburg"},{"code":"HAJ","name":"Hannover"},{"code":"HEI","name":"Heidelberg"},{"code":"KIE","name":"Kiel"},{"code":"KBZ","name":"Koblenz"},{"code":"KON","name":"Konstanz"},{"code":"LEJ","name":"Leipzig"},{"code":"LID","name":"Lindau"},{"code":"LUE","name":"Lübeck"},{"code":"QMZ","name":"Mainz"},{"code":"MBG","name":"Marburg an der Lahn"},{"code":"HAU","name":"Monschau"},{"code":"MUC","name":"Munich"},{"code":"NUE","name":"Nuremberg"},{"code":"PAS","name":"Passau"},{"code":"BSN","name":"Ravensburg"},{"code":"REG","name":"Regensburg"},{"code":"RSH","name":"Rosenheim"},{"code":"ROT","name":"Rothenburg"},{"code":"MSH","name":"Schmallenberg"},{"code":"BAV","name":"South-East Bavaria"},{"code":"STR","name":"Stuttgart"},{"code":"TRI","name":"Trier"},{"code":"ULM","name":"Ulm"},{"code":"UDM","name":"Usedom"},{"code":"WEI","name":"Weimar"},{"code":"WIE","name":"Wiesbaden"},{"code":"WSR","name":"Wismar"},{"code":"WUR","name":"Würzburg"}]},{"country":"GH","code":"GH","name":"Ghana","destinations":[{"code":"ACC","name":"Accra"},{"code":"KMS","name":"Kumasi"}]},{"country":"GI","name":"Gibraltar"},{"country":"GR","code":"GR","name":"Greece","destinations":[{"code":"ATH","name":"Athens"},{"code":"CNG","name":"Central and North Greece"},{"code":"CFU","name":"Corfu"},{"code":"ATE","name":"Crete"},{"code":"HLK","name":"Halkidiki"},{"code":"IOS","name":"Ios"},{"code":"ION","name":"Kefalonia"},{"code":"KSS","name":"Kos"},{"code":"KOU","name":"Koufonissia"},{"code":"LFD","name":"Lefkada"},{"code":"CYC","name":"Milos"},{"code":"MKS","name":"Mykonos"},{"code":"NAX","name":"Naxos"},{"code":"ARO","name":"Paros"},{"code":"PEL","name":"Peloponesse"},{"code":"RHO","name":"Rhodes"},{"code":"AEG","name":"Samos"},{"code":"SAT","name":"Santorini"},{"code":"SAR","name":"Saronic Islands"},{"code":"SKI","name":"Skiathos"},{"code":"SPO","name":"Sporades"},{"code":"TG1","name":"Thassos"},{"code":"THS","name":"Thessaloniki"},{"code":"TNS","name":"Tinos"},{"code":"ZTE","name":"Zante-Zakynthos"}]},{"country":"GL","name":"Greenland"},{"country":"GD","code":"GD","name":"Grenada","destinations":[{"code":"GND","name":"Grenada"}]},{"country":"GP","code":"GP","name":"Guadeloupe","destinations":[{"code":"UPE","name":"Guadeloupe"}]},{"country":"GU","name":"Guam"},{"country":"GT","code":"GT","name":"Guatemala","destinations":[{"code":"TKM","name":"Antigua Guatemala"},{"code":"MGG","name":"Guatemala City"},{"code":"FRS","name":"Tikal - Flores"}]},{"country":"GN","name":"Guinea"},{"country":"GW","name":"Guinea-Bissau"},{"country":"GY","name":"Guyana"},{"country":"HT","name":"Haiti"},{"country":"HM","name":"Heard & McDonald Islands"},{"country":"HN","code":"HN","name":"Honduras","destinations":[{"code":"LC2","name":"La Ceiba"},{"code":"RTB","name":"Roatan - Islas de la Bahia"}]},{"country":"HK","code":"HK","name":"Hong Kong – China","destinations":[{"code":"HKG","name":"Hong Kong"}]},{"country":"HU","code":"HU","name":"Hungary","destinations":[{"code":"BUD","name":"Budapest"}]},{"country":"IS","code":"IS","name":"Iceland","destinations":[{"code":"ICD","name":"North Iceland"},{"code":"REK","name":"Reykjavik"}]},{"country":"IN","code":"IN","name":"India","destinations":[{"code":"AGR","name":"Agra"},{"code":"AMD","name":"Ahmedabad"},{"code":"ATQ","name":"Amritsar"},{"code":"IXU","name":"Aurangabad"},{"code":"BLR","name":"Bangalore"},{"code":"BBI","name":"Bhubhaneshwar"},{"code":"IXC","name":"Chandigarh"},{"code":"CNN","name":"Chennai (Madras)"},{"code":"DEL","name":"Delhi and NCR"},{"code":"GOO","name":"Goa"},{"code":"IN1","name":"Haridwar"},{"code":"HYD","name":"Hyderabad"},{"code":"IDR","name":"Indore"},{"code":"JAI","name":"Jaipur"},{"code":"JDH","name":"Jodhpur"},{"code":"HJR","name":"Khajuraho"},{"code":"COK","name":"Kochi-Cochin"},{"code":"CCU","name":"Kolkata-Calcutta"},{"code":"BOM","name":"Mumbai"},{"code":"NAS","name":"Nasik"},{"code":"PNQ","name":"Pune"},{"code":"TV1","name":"Trivandrum"},{"code":"UDA","name":"Udaipur"},{"code":"VNS","name":"Varanasi"},{"code":"VTZ","name":"Visakhapatnam"}]},{"country":"ID","code":"ID","name":"Indonesia","destinations":[{"code":"BAI","name":"Bali"},{"code":"BDO","name":"Bandung"},{"code":"ID9","name":"Bangka - Belitung"},{"code":"BIN","name":"Bintan Island"},{"code":"JAV","name":"Jakarta"},{"code":"AMI","name":"Lombok"},{"code":"PK1","name":"Puncak"},{"code":"SRG","name":"Semarang"},{"code":"SUB","name":"Surabaya"},{"code":"JOG","name":"Yogyakarta"}]},{"country":"IR","name":"Iran"},{"country":"IQ","name":"Iraq"},{"country":"IE","code":"IE","name":"Ireland","destinations":[{"code":"CLA","name":"County Clare"},{"code":"ORK","name":"County Cork"},{"code":"CDO","name":"County Donegal"},{"code":"GWY","name":"County Galway"},{"code":"KER","name":"County Kerry"},{"code":"MAY","name":"County Mayo"},{"code":"WAT","name":"County Waterford"},{"code":"DUB","name":"Dublin"}]},{"country":"IM","name":"Isle of Man"},{"country":"IL","code":"IL","name":"Israel","destinations":[{"code":"CRG","name":"Center Region"},{"code":"ETH","name":"Eilat"},{"code":"GLE","name":"Galilee"},{"code":"HFA","name":"Haifa Region"},{"code":"JRS","name":"Jerusalem Region"},{"code":"SRE","name":"South Region"},{"code":"TLV","name":"Tel Aviv"}]},{"country":"IT","code":"IT","name":"Italy","destinations":[{"code":"RNP","name":"Amalfi Coast"},{"code":"BSI","name":"Basilicata"},{"code":"BEG","name":"Bergamo"},{"code":"BLQ","name":"Bologna"},{"code":"BZO","name":"Bolzano"},{"code":"RDC","name":"Calabria"},{"code":"PRJ","name":"Capri"},{"code":"ECS","name":"Caserta"},{"code":"CIV","name":"Civitavecchia"},{"code":"QCM","name":"Como"},{"code":"FLR","name":"Florence"},{"code":"GOA","name":"Genoa"},{"code":"HSI","name":"Ischia"},{"code":"SPZ","name":"La Spezia"},{"code":"LG","name":"Lake Garda"},{"code":"LIV","name":"Livorno"},{"code":"LCV","name":"Lucca"},{"code":"MIL","name":"Milan"},{"code":"MOD","name":"Modena"},{"code":"MOT","name":"Montecatini"},{"code":"NAP","name":"Naples"},{"code":"NSR","name":"North Sardinia"},{"code":"QPA","name":"Padova"},{"code":"PAM","name":"Parma"},{"code":"PSA","name":"Pisa"},{"code":"BAR","name":"Puglia"},{"code":"RAN","name":"Ravenna"},{"code":"RMI","name":"Rimini"},{"code":"ROE","name":"Rome"},{"code":"SIC","name":"Sicily"},{"code":"SAY","name":"Siena"},{"code":"ESO","name":"Sorrento"},{"code":"SSR","name":"South Sardinia"},{"code":"TRS","name":"Trieste"},{"code":"TRN","name":"Turin"},{"code":"VCE","name":"Venice (and vicinity)"},{"code":"VRN","name":"Verona"}]},{"country":"CI","code":"CI","name":"Ivory Coast","destinations":[{"code":"ABJ","name":"Abidjan"}]},{"country":"JM","code":"JM","name":"Jamaica","destinations":[{"code":"JM1","name":"Jamaica South Coast"},{"code":"KTP","name":"Kingston"},{"code":"MBJ","name":"Montego Bay (and vicinity)"},{"code":"NEG","name":"Negril"},{"code":"OCJ","name":"Ocho Rios"},{"code":"RUN","name":"Runaway Bay"}]},{"country":"JP","code":"JP","name":"Japan","destinations":[{"code":"ACH","name":"Aichi"},{"code":"FUK","name":"Fukuoka"},{"code":"JP9","name":"Gifu"},{"code":"HIJ","name":"Hiroshima"},{"code":"HKO","name":"Hokkaido"},{"code":"JPH","name":"Hyogo"},{"code":"IHK","name":"Ishikawa"},{"code":"JPG","name":"Kanagawa"},{"code":"KIX","name":"Kyoto"},{"code":"JP8","name":"Nara"},{"code":"OKJ","name":"Okayama"},{"code":"AHA","name":"Okinawa"},{"code":"ITM","name":"Osaka"},{"code":"SPP","name":"Sapporo"},{"code":"NRT","name":"Tokyo"}]},{"country":"JO","code":"JO","name":"Jordan","destinations":[{"code":"AMM","name":"Amman"},{"code":"AQJ","name":"Aqaba"},{"code":"JOZ","name":"Dead Sea"},{"code":"PET","name":"Petra"},{"code":"WDR","name":"Wadi Rum"}]},{"country":"KZ","name":"Kazakhstan"},{"country":"KE","code":"KE","name":"Kenya","destinations":[{"code":"MBA","name":"Mombasa"},{"code":"NAI","name":"Nairobi"}]},{"country":"KI","name":"Kiribati"},{"country":"KV","name":"Kosovo"},{"country":"KW","code":"KW","name":"Kuwait","destinations":[{"code":"KW","name":"Kuwait"}]},{"country":"KG","name":"Kyrgyzstan"},{"country":"LA","code":"LA","name":"Laos","destinations":[{"code":"LPQ","name":"Luang Prabang"},{"code":"VTE","name":"Vientiane"}]},{"country":"LV","code":"LV","name":"Latvia","destinations":[{"code":"RIX","name":"Riga"}]},{"country":"LB","code":"LB","name":"Lebanon","destinations":[{"code":"BEY","name":"Beirut"}]},{"country":"LS","name":"Lesotho"},{"country":"LR","name":"Liberia"},{"country":"LY","name":"Libya"},{"country":"LI","name":"Liechtenstein"},{"country":"LT","code":"LT","name":"Lithuania","destinations":[{"code":"KUN","name":"Kaunas"},{"code":"VNO","name":"Vilnius"}]},{"country":"LU","code":"LU","name":"Luxembourg","destinations":[{"code":"LUX","name":"Luxembourg"}]},{"country":"MO","code":"MO","name":"Macau - China","destinations":[{"code":"MFM","name":"Macau"}]},{"country":"MK","code":"MK","name":"Macedonia (FYROM)","destinations":[{"code":"OHD","name":"Ohrid"},{"code":"SKP","name":"Skopje"}]},{"country":"MG","code":"MG","name":"Madagascar","destinations":[{"code":"TNR","name":"Antananarivo"},{"code":"ANS","name":"Antisiranana"},{"code":"MDV","name":"Morondava"},{"code":"NOS","name":"Nosy Be"},{"code":"TOA","name":"Toamasina"}]},{"country":"MW","code":"MW","name":"Malawi","destinations":[{"code":"BLZ","name":"Blantyre"}]},{"country":"MY","code":"MY","name":"Malaysia","destinations":[{"code":"LGK","name":"Kedah / Langkawi"},{"code":"BKI","name":"Kota Kinabalu  and Sabah"},{"code":"KUL","name":"Kuala Lumpur"},{"code":"KCH","name":"Kuching and Sarawak"},{"code":"MKZ","name":"Malacca Johor and  South"},{"code":"PEN","name":"Penang"}]},{"country":"MV","code":"MV","name":"Maldives","destinations":[{"code":"MV","name":"Maldives"}]},{"country":"ML","name":"Mali"},{"country":"MT","code":"MT","name":"Malta","destinations":[{"code":"MLA","name":"Malta"}]},{"country":"MH","name":"Marshall Islands"},{"country":"MQ","name":"Martinique"},{"country":"MR","name":"Mauritania"},{"country":"MU","code":"MU","name":"Mauritius","destinations":[{"code":"MRU","name":"Mauritius Islands"}]},{"country":"YT","name":"Mayotte"},{"country":"MX","code":"MX","name":"Mexico","destinations":[{"code":"ACA","name":"Acapulco"},{"code":"AGU","name":"Aguascalientes"},{"code":"BDC","name":"Barrancas del Cobre"},{"code":"CAM","name":"Campeche"},{"code":"CUN","name":"Cancun (and vicinity)"},{"code":"CHE","name":"Chetumal"},{"code":"CIP","name":"Chiapas"},{"code":"JUA","name":"Chihuahua"},{"code":"PAV","name":"Cozumel"},{"code":"CVJ","name":"Cuernavaca"},{"code":"GUA","name":"Guadalajara & Vicinity"},{"code":"GUO","name":"Guanajuato"},{"code":"HUA","name":"Huatulco"},{"code":"IXT","name":"Ixtapa - Zihuatanejo"},{"code":"PAZ","name":"La Paz"},{"code":"CAB","name":"Los Cabos"},{"code":"LMM","name":"Los Mochis"},{"code":"MAN","name":"Manzanillo"},{"code":"MAZ","name":"Mazatlan"},{"code":"MER","name":"Merida - Yucatan"},{"code":"MDF","name":"Mexico City"},{"code":"MON","name":"Monterrey"},{"code":"OAX","name":"Oaxaca"},{"code":"PCH","name":"Pachuca"},{"code":"PUE","name":"Puebla"},{"code":"ESC","name":"Puerto Escondido"},{"code":"PVR","name":"Puerto Vallarta"},{"code":"QUE","name":"Queretaro"},{"code":"PCM","name":"Riviera Maya / Playa del Carmen"},{"code":"SLP","name":"San Luis Potosi"},{"code":"MIG","name":"San Miguel de Allende"},{"code":"TIJ","name":"Tijuana"},{"code":"VER","name":"Veracruz"},{"code":"VIA","name":"Villahermosa"},{"code":"ZAC","name":"Zacatecas"}]},{"country":"FM","name":"Micronesia"},{"country":"MD","code":"MD","name":"Moldova","destinations":[{"code":"KIV","name":"Chisinau"}]},{"country":"MC","code":"MC","name":"Monaco","destinations":[{"code":"MCM","name":"Monaco"}]},{"country":"MN","name":"Mongolia"},{"country":"ME","code":"ME","name":"Montenegro","destinations":[{"code":"TIV","name":"Montenegro"}]},{"country":"MS","name":"Montserrat"},{"country":"MA","code":"MA","name":"Morocco","destinations":[{"code":"AGA","name":"Agadir"},{"code":"CAA","name":"Casablanca"},{"code":"FEZ","name":"Fez"},{"code":"RAK","name":"Marrakech"},{"code":"RBA","name":"Rabat"},{"code":"TNG","name":"Tangier"}]},{"country":"MZ","code":"MZ","name":"Mozambique","destinations":[{"code":"MPT","name":"Maputo"}]},{"country":"MM","code":"MM","name":"Myanmar (Burma)","destinations":[{"code":"BPE","name":"Bagan"},{"code":"MDL","name":"Mandalay - Central"},{"code":"LMW","name":"Mawlamyine"},{"code":"THA","name":"Thandwe"},{"code":"RGN","name":"Yangon - South"}]},{"country":"NA","code":"NA","name":"Namibia","destinations":[{"code":"SWP","name":"Swakopmund"},{"code":"ERS","name":"Windhoek"}]},{"country":"NR","name":"Nauru"},{"country":"NP","code":"NP","name":"Nepal","destinations":[{"code":"KTM","name":"Kathmandu"},{"code":"PKR","name":"Pokhara"}]},{"country":"NL","code":"NL","name":"Netherlands","destinations":[{"code":"AMS","name":"Amsterdam and vicinity"},{"code":"ARH","name":"Arnhem"},{"code":"EIN","name":"Eindhoven"},{"code":"ENH","name":"Enkhuizen"},{"code":"LDN","name":"Leiden"},{"code":"MST","name":"Maastricht"},{"code":"RTM","name":"Rotterdam"},{"code":"HAG","name":"The Hague"},{"code":"UTC","name":"Utrecht"}]},{"country":"AN","name":"Netherlands Antilles"},{"country":"NC","name":"New Caledonia"},{"country":"NZ","code":"NZ","name":"New Zealand","destinations":[{"code":"AKL","name":"Auckland"},{"code":"RO1","name":"Bay of Plenty-Rotorua"},{"code":"CHC","name":"Canterbury-Christchurch MT"},{"code":"NZ3","name":"Central Plateau - Taupo"},{"code":"TEU","name":"Fiordland"},{"code":"NPE","name":"Hawkes Bay"},{"code":"BHE","name":"Marlborough"},{"code":"WRE","name":"Northland Region"},{"code":"ZQN","name":"Otago- Queenstown"},{"code":"HLZ","name":"Waikato - Hamilton"},{"code":"WLG","name":"Wellington"},{"code":"GMN","name":"West Coast"}]},{"country":"NI","code":"NI","name":"Nicaragua","destinations":[{"code":"GR6","name":"Granada"},{"code":"MG1","name":"Managua"}]},{"country":"NE","name":"Niger"},{"country":"NG","name":"Nigeria"},{"country":"NU","name":"Niue"},{"country":"NF","name":"Norfolk Island"},{"country":"KP","name":"North Korea"},{"country":"NY","code":"NY","name":"Northern Cyprus","destinations":[{"code":"NC","name":"Northern Cyprus"}]},{"country":"MP","name":"Northern Mariana Islands"},{"country":"NO","code":"NO","name":"Norway","destinations":[{"code":"ALE","name":"Aalesund"},{"code":"BGO","name":"Bergen"},{"code":"GEI","name":"Geiranger"},{"code":"OSL","name":"Oslo"},{"code":"SVG","name":"Stavanger"},{"code":"TRO","name":"Tromso"},{"code":"TRD","name":"Trondheim"}]},{"country":"OM","code":"OM","name":"Oman","destinations":[{"code":"MCT","name":"Muscat"}]},{"country":"PK","name":"Pakistan"},{"country":"PW","name":"Palau"},{"country":"PS","name":"Palestinian Territory"},{"country":"PA","code":"PA","name":"Panama","destinations":[{"code":"PTY","name":"Panama City"},{"code":"AML","name":"Playa Blanca-Cocle"}]},{"country":"PG","name":"Papua New Guinea"},{"country":"PY","code":"PY","name":"Paraguay","destinations":[{"code":"ASU","name":"Asuncion"},{"code":"AGT","name":"Ciudad del Este"},{"code":"ENO","name":"Encarnacion"}]},{"country":"PE","code":"PE","name":"Peru","destinations":[{"code":"AQP","name":"Arequipa"},{"code":"CJA","name":"Cajamarca"},{"code":"CIX","name":"Chiclayo"},{"code":"CUZ","name":"Cuzco"},{"code":"ICA","name":"Ica"},{"code":"IQT","name":"Iquitos"},{"code":"LIM","name":"Lima"},{"code":"MFT","name":"Machu Pichu"},{"code":"NAC","name":"Nasca"},{"code":"PCS","name":"Paracas"},{"code":"PUN","name":"Puno"},{"code":"AYP","name":"Sacred Valley"},{"code":"TRU","name":"Trujillo"}]},{"country":"PH","code":"PH","name":"Philippines","destinations":[{"code":"NTB","name":"Bataan"},{"code":"NBT","name":"Batanes"},{"code":"PH4","name":"Bohol"},{"code":"MPH","name":"Boracay Island"},{"code":"CEB","name":"Cebu"},{"code":"DVO","name":"Davao"},{"code":"DGT","name":"Dumaguete"},{"code":"PHB","name":"Ilocos"},{"code":"MNL","name":"Metro Manila"},{"code":"PH1","name":"Palawan"},{"code":"RSI","name":"SIARGAO ISLAND"}]},{"country":"PL","code":"PL","name":"Poland","destinations":[{"code":"BZG","name":"Bydgoszcz"},{"code":"GDN","name":"Gdansk"},{"code":"KRK","name":"Krakow"},{"code":"LCJ","name":"Lodz"},{"code":"POZ","name":"Poznan"},{"code":"RZE","name":"Rzeszow"},{"code":"SZC","name":"Szczecin"},{"code":"TOR","name":"Torun"},{"code":"WAW","name":"Warsaw"},{"code":"WRO","name":"Wroclaw"},{"code":"ZAK","name":"Zakopane"}]},{"country":"PT","code":"PT","name":"Portugal","destinations":[{"code":"FAO","name":"Algarve"},{"code":"PDL","name":"Azores"},{"code":"CEN","name":"Centre Portugal"},{"code":"COS","name":"Estoril Coast"},{"code":"LIS","name":"Lisbon"},{"code":"FNC","name":"Madeira"},{"code":"OPO","name":"Porto and North of Portugal"}]},{"country":"PR","code":"PR","name":"Puerto Rico","destinations":[{"code":"SJU","name":"Puerto Rico Island"}]},{"country":"QA","code":"QA","name":"Qatar","destinations":[{"code":"DOH","name":"Doha"}]},{"country":"RE","code":"RE","name":"Réunion","destinations":[{"code":"STD","name":"Saint Denis"}]},{"country":"RO","code":"RO","name":"Romania","destinations":[{"code":"BRA","name":"Brasov-Ski Resorts"},{"code":"BUH","name":"Bucharest"},{"code":"CLU","name":"Cluj Napoca"},{"code":"CND","name":"Constanta-Black Sea"},{"code":"IAS","name":"Iasi-East Romania"},{"code":"SBZ","name":"Sibiu"},{"code":"TSR","name":"Timisoara"}]},{"country":"RU","name":"Russia"},{"country":"RW","name":"Rwanda"},{"country":"WS","name":"Samoa"},{"country":"SM","name":"San Marino"},{"country":"ST","name":"São Tomé & Príncipe"},{"country":"SA","code":"SA","name":"Saudi Arabia","destinations":[{"code":"AHB","name":"Abha"},{"code":"LAB","name":"Al Baha"},{"code":"AKK","name":"Al Khobar"},{"code":"DMM","name":"Dammam and East Coast"},{"code":"HHL","name":"Hail"},{"code":"JED","name":"Jeddah"},{"code":"MED","name":"Madinah"},{"code":"QCA","name":"Makkah"},{"code":"QAS","name":"Qassim"},{"code":"RUH","name":"Riyadh"},{"code":"QAH","name":"Shaqra"},{"code":"TBA","name":"Tabuk"},{"code":"TIF","name":"Taif"},{"code":"YNB","name":"Yanbu"}]},{"country":"SN","code":"SN","name":"Senegal","destinations":[{"code":"DKR","name":"Dakar"},{"code":"SLY","name":"Saly"}]},{"country":"RS","code":"RS","name":"Serbia","destinations":[{"code":"BJY","name":"Belgrade"},{"code":"NVS","name":"Novi Sad"}]},{"country":"SC","code":"SC","name":"Seychelles","destinations":[{"code":"PRI","name":"Seychelles Island"}]},{"country":"SL","name":"Sierra Leone"},{"country":"SG","code":"SG","name":"Singapore","destinations":[{"code":"SIN","name":"Singapore"}]},{"country":"SF","code":"SF","name":"Sint Maarten","destinations":[{"code":"SXM","name":"St. Martin"}]},{"country":"SK","code":"SK","name":"Slovakia","destinations":[{"code":"BTS","name":"Bratislava"},{"code":"TAT","name":"Tatras"}]},{"country":"SI","code":"SI","name":"Slovenia","destinations":[{"code":"BLE","name":"Bled"},{"code":"LAS","name":"Lasko"},{"code":"LJU","name":"Ljubljana"},{"code":"POR","name":"Portoroz"}]},{"country":"SB","name":"Solomon Islands"},{"country":"SO","name":"Somalia"},{"country":"ZA","code":"ZA","name":"South Africa","destinations":[{"code":"PTE","name":"Eastern Cape-Port Elizabeth"},{"code":"JHG","name":"Gauteng- Johannesburg"},{"code":"KZN","name":"KwaZulu Natal - Durban"},{"code":"LMP","name":"Limpopo"},{"code":"MPM","name":"Mpumalanga-Kruger Area"},{"code":"NTC","name":"Northern Cape"},{"code":"SCI","name":"Sun City- Madikwe"},{"code":"CPT","name":"W. Cape-Cape Town-Garden Route"}]},{"country":"GS","name":"South Georgia & South Sandwich Islands"},{"country":"KR","code":"KR","name":"South Korea","destinations":[{"code":"PUS","name":"Busan"},{"code":"KR3","name":"Gyeongju"},{"code":"CJU","name":"Jeju- Do"},{"code":"ICN","name":"Seoul"}]},{"country":"ES","code":"ES","name":"Spain","destinations":[{"code":"SCQ","name":"A Coruña"},{"code":"VIT","name":"Alava"},{"code":"ABC","name":"Albacete"},{"code":"ALC","name":"Alicante - Costa Blanca"},{"code":"LEI","name":"Almeria Coast-Almeria"},{"code":"OVD","name":"Asturias"},{"code":"AVA","name":"Avila"},{"code":"BCN","name":"Barcelona"},{"code":"BEN","name":"Benidorm - Costa Blanca"},{"code":"BRG","name":"Burgos"},{"code":"CAD","name":"Cadiz / Jerez"},{"code":"SDR","name":"Cantabria"},{"code":"CAS","name":"Castellon"},{"code":"ODB","name":"Cordoba"},{"code":"LLM","name":"Costa Brava & Costa Barcelona-Maresme"},{"code":"CAZ","name":"Costa de Azahar"},{"code":"LUZ","name":"Costa de la Luz (Cadiz)"},{"code":"LUS","name":"Costa de la Luz (Huelva)"},{"code":"CVA","name":"Costa de Valencia"},{"code":"AGP","name":"Costa del Sol"},{"code":"CTR","name":"Costa Tropical"},{"code":"CCA","name":"Cuenca"},{"code":"FOR","name":"Formentera"},{"code":"FUE","name":"Fuerteventura"},{"code":"GRO","name":"Girona"},{"code":"LPA","name":"Gran Canaria"},{"code":"GRX","name":"Granada"},{"code":"EAS","name":"Guipuzcoa - San Sebastian"},{"code":"HUE","name":"Huelva"},{"code":"IBZ","name":"Ibiza"},{"code":"QGZ","name":"La Gomera"},{"code":"LMN","name":"La Manga - Costa Calida"},{"code":"SPC","name":"La Palma"},{"code":"LOG","name":"La Rioja"},{"code":"ACE","name":"Lanzarote"},{"code":"LEO","name":"Leon"},{"code":"MAD","name":"Madrid"},{"code":"PMI","name":"Majorca"},{"code":"MAL","name":"Malaga"},{"code":"MAH","name":"Menorca"},{"code":"MJV","name":"Murcia"},{"code":"PNA","name":"Navarra"},{"code":"ORE","name":"Ourense"},{"code":"VGO","name":"Pontevedra"},{"code":"ARA","name":"Pyrenees - Aragon"},{"code":"PIR","name":"Pyrenees - Catalan"},{"code":"SLM","name":"Salamanca"},{"code":"SAL","name":"Salou Area / Costa Dorada"},{"code":"SEG","name":"Segovia"},{"code":"SVQ","name":"Seville"},{"code":"SRN","name":"Sierra Nevada"},{"code":"STS","name":"Sitges Area - Costa del Garraf"},{"code":"SOR","name":"Soria"},{"code":"TFS","name":"Tenerife"},{"code":"TER","name":"Teruel"},{"code":"TOL","name":"Toledo"},{"code":"VLC","name":"Valencia"},{"code":"VLL","name":"Valladolid"},{"code":"BIO","name":"Vizcaya - Bilbao"},{"code":"ZAZ","name":"Zaragoza"}]},{"country":"LK","code":"LK","name":"Sri Lanka","destinations":[{"code":"AHG","name":"Ahungalle"},{"code":"BJT","name":"Bentota"},{"code":"BWE","name":"Beruwala"},{"code":"CMB","name":"Colombo"},{"code":"DMB","name":"Dambulla"},{"code":"GA5","name":"Galle"},{"code":"HKK","name":"Hikkaduwa"},{"code":"KL2","name":"Kalutara"},{"code":"KDY","name":"Kandy"},{"code":"KCT","name":"Koggala"},{"code":"MLV","name":"Mount Lavinia"},{"code":"NBO","name":"Negombo"},{"code":"NWE","name":"Nuwara Eliya"}]},{"country":"BL","name":"St. Barthélemy"},{"country":"SH","name":"St. Helena"},{"country":"KN","code":"KN","name":"St. Kitts & Nevis","destinations":[{"code":"SKB","name":"St Kitts"}]},{"country":"LC","code":"LC","name":"St. Lucia","destinations":[{"code":"UVF","name":"Santa Lucia"}]},{"country":"PM","name":"St. Pierre & Miquelon"},{"country":"VC","name":"St. Vincent & Grenadines"},{"country":"SD","name":"Sudan"},{"country":"SR","name":"Suriname"},{"country":"SJ","name":"Svalbard & Jan Mayen"},{"country":"SZ","name":"Swaziland"},{"country":"SE","code":"SE","name":"Sweden","destinations":[{"code":"GOT","name":"Gothenburg"},{"code":"LUL","name":"Lulea"},{"code":"STO","name":"Stockholm"}]},{"country":"CH","code":"CH","name":"Switzerland","destinations":[{"code":"BSL","name":"Basel"},{"code":"BRN","name":"Berne"},{"code":"GVA","name":"Geneva"},{"code":"INT","name":"Interlaken"},{"code":"LAU","name":"Lausanne"},{"code":"LUC","name":"Lucerne"},{"code":"LUG","name":"Lugano"},{"code":"ZJP","name":"Montreux"},{"code":"TFE","name":"Seftigen"},{"code":"SGA","name":"St Gallen"},{"code":"SWS","name":"Swiss Alps"},{"code":"ZRH","name":"Zurich"}]},{"country":"TW","code":"TW","name":"Taiwan – China","destinations":[{"code":"TPE","name":"Taipei"}]},{"country":"TJ","name":"Tajikistan"},{"country":"TZ","code":"TZ","name":"Tanzania","destinations":[{"code":"ARK","name":"Arusha"},{"code":"DAE","name":"Dar es Salaam"},{"code":"ZNZ","name":"Zanzibar"}]},{"country":"TH","code":"TH","name":"Thailand","destinations":[{"code":"XT1","name":"Ayutthaya"},{"code":"BKK","name":"Bangkok"},{"code":"CNX","name":"Chiang Mai"},{"code":"CEI","name":"Chiang Rai"},{"code":"HHQ","name":"Hua Hin-Cha Am-Pranburi"},{"code":"TH1","name":"Kanchanaburi-River Kwai"},{"code":"TH5","name":"Khao Lak and Phang Nga"},{"code":"TDX","name":"Koh Chang & Koh Kood"},{"code":"TH4","name":"Koh Lanta"},{"code":"TH7","name":"Koh Samet"},{"code":"USM","name":"Koh Samui"},{"code":"KBV","name":"Krabi"},{"code":"LPT","name":"Lampang"},{"code":"TH2","name":"Mae Hong Son"},{"code":"PYX","name":"Pattaya-Chonburi"},{"code":"PHZ","name":"Phi Phi Island"},{"code":"HKT","name":"Phuket"},{"code":"XT5","name":"Samut Songkhram"}]},{"country":"TG","name":"Togo"},{"country":"TK","name":"Tokelau"},{"country":"TO","name":"Tonga"},{"country":"TT","code":"TT","name":"Trinidad & Tobago","destinations":[{"code":"TOB","name":"Tobago"},{"code":"TIN","name":"Trinidad"}]},{"country":"TN","code":"TN","name":"Tunisia","destinations":[{"code":"DJE","name":"Djerba"},{"code":"HMM","name":"Hammamet"},{"code":"MH1","name":"Mahdia"},{"code":"MIR","name":"Monastir- Skanes"},{"code":"NAB","name":"Nabeul"},{"code":"TN1","name":"Port El Kantaoui-Sousse"},{"code":"TOE","name":"Tunis - Carthage Coast"}]},{"country":"TR","code":"TR","name":"Turkey","destinations":[{"code":"ALK","name":"Altinkum - Didim"},{"code":"ANK","name":"Ankara"},{"code":"AYT","name":"Antalya"},{"code":"BJV","name":"Bodrum "},{"code":"BTZ","name":"Bursa"},{"code":"TR1","name":"Canakkale"},{"code":"CAP","name":"Cappadocia"},{"code":"FET","name":"Fethiye-Oludeniz"},{"code":"IST","name":"Istanbul"},{"code":"IGL","name":"Izmir"},{"code":"KAL","name":"Kalkan"},{"code":"KA1","name":"Kas"},{"code":"KYA","name":"Konya"},{"code":"ADB","name":"Kusadasi "},{"code":"DLM","name":"Marmaris "},{"code":"TR3","name":"Pamukkale - Denizli"},{"code":"TZX","name":"Trabzon"},{"code":"VAN","name":"Van"}]},{"country":"TM","name":"Turkmenistan"},{"country":"TC","code":"TC","name":"Turks & Caicos Islands","destinations":[{"code":"PLS","name":"Providenciales"}]},{"country":"TV","name":"Tuvalu"},{"country":"UM","name":"U.S. Outlying Islands"},{"country":"VI","code":"VI","name":"U.S. Virgin Islands","destinations":[{"code":"STJ","name":"St. John"},{"code":"SPB","name":"St. Thomas"}]},{"country":"UG","code":"UG","name":"Uganda","destinations":[{"code":"UG1","name":"Kampala – Central Region"}]},{"country":"UA","name":"Ukraine"},{"country":"AE","code":"AE","name":"United Arab Emirates","destinations":[{"code":"AUH","name":"Abu Dhabi"},{"code":"AE1","name":"Ajman"},{"code":"DXB","name":"Dubai"},{"code":"FJR","name":"Fujairah"},{"code":"RKT","name":"Ras Al Khaymah"},{"code":"SHJ","name":"Sharjah"},{"code":"UMM","name":"UMM AL QUWAIN"}]},{"country":"UK","code":"UK","name":"United Kingdom","destinations":[{"code":"ABZ","name":"Aberdeen"},{"code":"QQX","name":"Bath"},{"code":"BFS","name":"Belfast of Northern Ireland"},{"code":"BHX","name":"Birmingham"},{"code":"BKP","name":"Blackpool"},{"code":"BOU","name":"Bournemouth"},{"code":"BSH","name":"Brighton"},{"code":"BRI","name":"Bristol"},{"code":"CBG","name":"Cambridge"},{"code":"CNT","name":"Canterbury"},{"code":"CWL","name":"Cardiff"},{"code":"CEG","name":"Chester"},{"code":"COE","name":"Colchester"},{"code":"UK1","name":"Colwyn Bay"},{"code":"DDE","name":"Dundee"},{"code":"EA2","name":"East Sussex"},{"code":"EDI","name":"Edinburgh"},{"code":"GLA","name":"Glasgow"},{"code":"HA2","name":"Hampshire and The New Forest"},{"code":"UHM","name":"Humberside Airport"},{"code":"INV","name":"Inverness"},{"code":"LBA","name":"Leeds"},{"code":"LPL","name":"Liverpool"},{"code":"LOC","name":"Loch Lomond"},{"code":"LON","name":"London"},{"code":"MAC","name":"Manchester"},{"code":"NCL","name":"Newcastle-upon-Tyne"},{"code":"NEP","name":"Newport"},{"code":"NWH","name":"Norwich"},{"code":"NOT","name":"Nottingham"},{"code":"OBA","name":"Oban"},{"code":"OXF","name":"Oxford"},{"code":"AUC","name":"Perth"},{"code":"SFL","name":"Sheffield"},{"code":"AIR","name":"Stirling"},{"code":"STK","name":"Stoke on Trent"},{"code":"SUA","name":"Stratford upon Avon"},{"code":"SU2","name":"Surrey"},{"code":"TOQ","name":"Torquay"},{"code":"WA","name":"Warwick"},{"code":"WID","name":"Windsor and Slough"},{"code":"QQY","name":"York"}]},{"country":"US","code":"US","name":"United States","destinations":[{"code":"ANC","name":"Anchorage - AK"},{"code":"ATL","name":"Atlanta - GA"},{"code":"ACY","name":"Atlantic City - NJ"},{"code":"AUS","name":"Austin - TX"},{"code":"MTN","name":"Baltimore - MD"},{"code":"BLM","name":"Belmar - Farmingdale - NJ"},{"code":"BIX","name":"Biloxi - MS"},{"code":"BL3","name":"Bloomington - MN"},{"code":"BOI","name":"Boise - ID"},{"code":"BOS","name":"Boston - MA"},{"code":"BNN","name":"Branson - MO"},{"code":"BUF","name":"Buffalo - NY"},{"code":"BTV","name":"Burlington/Stowe - VT"},{"code":"MRY","name":"California Coast - CA"},{"code":"CHS","name":"Charleston - SC"},{"code":"CLT","name":"Charlotte - NC"},{"code":"CHT","name":"Chattanooga - TN"},{"code":"CH2","name":"Chesterfield - MO"},{"code":"ORD","name":"Chicago - IL"},{"code":"CIN","name":"Cincinnati - OH"},{"code":"CLE","name":"Clearwater Area - FL"},{"code":"CLV","name":"Cleveland - OH"},{"code":"FCS","name":"Colorado Springs - CO"},{"code":"COU","name":"Columbus - OH"},{"code":"AL8","name":"Concord - NC"},{"code":"CON","name":"Connecticut coast Area - CT"},{"code":"DFW","name":"Dallas - TX"},{"code":"DEN","name":"Denver - CO"},{"code":"DES","name":"Destin - FL"},{"code":"DTW","name":"Detroit - MI"},{"code":"FAI","name":"Fairbanks - AK"},{"code":"YSP","name":"Florida Keys - FL"},{"code":"FLL","name":"Fort Lauderdale - Hollywood Area - FL"},{"code":"FOM","name":"Fort Myers Area - FL"},{"code":"GKT","name":"Gatlinburg - TN"},{"code":"GCN","name":"Grand Canyon National Park Area - AZ"},{"code":"LIH","name":"Hawaii - Kauai - HI"},{"code":"MAU","name":"Hawaii - Maui - HI"},{"code":"KAE","name":"Hawaii - Oahu - HI"},{"code":"KAI","name":"Hawaii - The Big Island - HI"},{"code":"HI2","name":"Hilliard - OH"},{"code":"HL1","name":"Hillsboro - TX"},{"code":"HMD","name":"Homestead - PA"},{"code":"HOU","name":"Houston - TX"},{"code":"INA","name":"Indianapolis - IN"},{"code":"JAX","name":"Jacksonville Area - FL"},{"code":"OVE","name":"Kansas City - KS"},{"code":"MCI","name":"Kansas City - MO"},{"code":"TVL","name":"Lake Tahoe - CA"},{"code":"LAN","name":"Lancaster - PA"},{"code":"LVS","name":"Las Vegas - NV"},{"code":"LAX","name":"Los Angeles - CA"},{"code":"LOU","name":"Louisville - KY"},{"code":"MNZ","name":"Manassas - VA"},{"code":"MEM","name":"Memphis - TN"},{"code":"MIA","name":"Miami Area - FL"},{"code":"MIW","name":"Milwaukee - WI"},{"code":"GMV","name":"Monument Valley State Park - UT"},{"code":"MHS","name":"Mount Shasta - CA"},{"code":"MYR","name":"Myrtle Beach - SC"},{"code":"NAL","name":"Naples Area - FL"},{"code":"NSV","name":"Nashville - TN"},{"code":"HEZ","name":"Natchez - MS"},{"code":"MSY","name":"New Orleans - LA"},{"code":"NYC","name":"New York Area - NY"},{"code":"NW1","name":"Newark - NJ"},{"code":"SWF","name":"Newburgh - NY"},{"code":"IAG","name":"Niagara Falls - NY"},{"code":"NOF","name":"Norfolk - VA"},{"code":"OKL","name":"Oklahoma City - OK"},{"code":"OMA","name":"Omaha - NE"},{"code":"ONT","name":"Ontario - CA"},{"code":"MCO","name":"Orlando Area - Florida - FL"},{"code":"PBI","name":"Palm Beach Area - FL"},{"code":"PSP","name":"Palm Springs - CA"},{"code":"PAD","name":"Pasadena - TX"},{"code":"PT5","name":"Petaluma - CA"},{"code":"PHL","name":"Philadelphia - PA"},{"code":"PHX","name":"Phoenix Area - AZ"},{"code":"PN1","name":"Pinehurst - NC"},{"code":"PIT","name":"Pittsburgh - PA"},{"code":"PDX","name":"Portland - OR"},{"code":"PRO","name":"Providence - RI"},{"code":"RNO","name":"Reno - NV"},{"code":"ZRD","name":"Richmond - VA"},{"code":"ROC","name":"Rochester - NY"},{"code":"SAC","name":"Sacramento - CA"},{"code":"SAA","name":"San Antonio - TX"},{"code":"SAD","name":"San Diego - CA"},{"code":"SFO","name":"San Francisco Area - CA"},{"code":"SAJ","name":"San Jose - Silicon Valley - CA"},{"code":"STF","name":"Santa Fe - NM"},{"code":"SAS","name":"Sarasota Area - FL"},{"code":"SAV","name":"Savannah - GA"},{"code":"JMH","name":"Schaumburg - IL"},{"code":"SM1","name":"Schweitzer Mountain - ID"},{"code":"ZSY","name":"Scottsdale - AZ"},{"code":"SEA","name":"Seattle - WA"},{"code":"SDX","name":"Sedona - AZ"},{"code":"SWD","name":"Seward - AK"},{"code":"DUC","name":"Spartanburg - Greenville - SC"},{"code":"UST","name":"St Augustine Area - FL"},{"code":"STL","name":"St Louis - MO"},{"code":"STP","name":"St. Petersburg Area - FL"},{"code":"SBS","name":"Steamboat Springs - CO"},{"code":"SYR","name":"Syracuse - NY"},{"code":"TPA","name":"Tampa - FL"},{"code":"TEL","name":"Telluride Ski Area - CO"},{"code":"TUS","name":"Tucson - AZ"},{"code":"TUL","name":"Tulsa - OK"},{"code":"UCA","name":"Utica - NY"},{"code":"VA6","name":"Vacaville - CA"},{"code":"ROI","name":"Vail - CO"},{"code":"VIK","name":"Vicksburg - MS"},{"code":"WAS","name":"Washington D.C. - DC"},{"code":"WMI","name":"Westminster - MD"},{"code":"PHF","name":"Williamsburg - VA"}]},{"country":"UY","code":"UY","name":"Uruguay","destinations":[{"code":"NLO","name":"COLONIA"},{"code":"CDT","name":"Colonia del Sacramento"},{"code":"MVD","name":"Montevideo"},{"code":"PDP","name":"Punta del Este"}]},{"country":"UZ","name":"Uzbekistan"},{"country":"VU","name":"Vanuatu"},{"country":"VA","name":"Vatican City"},{"country":"VE","code":"VE","name":"Venezuela","destinations":[{"code":"CCS","name":"Caracas"},{"code":"IMA","name":"Isla Margarita"}]},{"country":"VN","code":"VN","name":"Vietnam","destinations":[{"code":"HAN","name":"Hanoi and North"},{"code":"SGN","name":"Ho Chi Minh City (Saigon) and South"},{"code":"DAD","name":"Hoi An - Danang - Central"},{"code":"CXR","name":"Nha Trang - Dalat - Tuy Hoa"}]},{"country":"WF","name":"Wallis & Futuna"},{"country":"EH","name":"Western Sahara"},{"country":"YE","name":"Yemen"},{"country":"ZM","code":"ZM","name":"Zambia","destinations":[{"code":"LIG","name":"Livingstone"}]},{"country":"ZW","code":"ZW","name":"Zimbabwe","destinations":[{"code":"HRE","name":"Harare"},{"code":"VF","name":"Victoria Falls"}]}]